{"labels_3d": [0, 0, 0, 0, 0, 0, 0, 0, 0, 0], "scores_3d": [0.9660837054252625, 0.9279137253761292, 0.8969594836235046, 0.7945045828819275, 0.5165935158729553, 0.5061785578727722, 0.45257705450057983, 0.4042990505695343, 0.30457887053489685, 0.30416712164878845], "bboxes_3d": [[13.746084213256836, -7.476230621337891, -1.172712802886963, 4.407440185546875, 1.6965305805206299, 1.5429657697677612, -0.002949953079223633], [25.681068420410156, -0.10346035659313202, -1.3888740539550781, 4.404163837432861, 1.7598981857299805, 1.6036908626556396, -0.03800666332244873], [7.81353759765625, -7.357920169830322, -1.2117533683776855, 4.617417812347412, 1.7524076700210571, 1.7694443464279175, 0.006346344947814941], [23.649608612060547, -7.439326763153076, -1.06356680393219, 4.467601299285889, 1.8122599124908447, 1.6577290296554565, -0.10197961330413818], [2.439033031463623, 35.72959518432617, -2.5372469425201416, 3.7062926292419434, 1.532808780670166, 1.4296138286590576, 1.4848023653030396], [29.91209602355957, -12.912760734558105, -0.8154831528663635, 3.7756855487823486, 1.5706727504730225, 1.4045501947402954, -0.05407142639160156], [58.34397888183594, 25.18341827392578, -1.7283649444580078, 3.787519693374634, 1.6856189966201782, 1.6197423934936523, 0.17717361450195312], [18.853574752807617, -12.898675918579102, -0.691782534122467, 3.583301544189453, 1.6348522901535034, 1.5383278131484985, -0.04107356071472168], [8.340012550354004, 32.72898483276367, -2.663080930709839, 3.785806894302368, 1.7189702987670898, 1.4981118440628052, 3.1737141609191895], [41.81382369995117, -7.126388072967529, -1.1905643939971924, 3.7873449325561523, 1.5861293077468872, 1.5330641269683838, -0.1649092435836792]], "box_type_3d": "LiDAR"}