{"labels_3d": [0, 0, 0, 0, 0, 0, 0, 0, 0, 0, 0, 0, 0, 0, 0, 0, 0, 0, 0, 0, 0, 0, 0, 0, 0, 0, 0, 0, 0, 0, 0, 0, 0, 0, 0, 0, 0, 0, 0, 0, 0, 0, 0, 0], "scores_3d": [0.025347299873828888, 0.0028192498721182346, 0.6654253602027893, 1.1997296496701892e-05, 0.006137780845165253, 0.002574243815615773, 5.485067955390832e-09, 0.898352861404419, 6.412631591956597e-06, 0.00459149619564414, 3.338656824780628e-06, 0.0037350512575358152, 2.966257170555764e-06, 5.457990482682362e-06, 0.8856227397918701, 3.672364073281642e-06, 0.004310969263315201, 0.00470926845446229, 3.958374145440757e-05, 0.7351464033126831, 4.878873733105138e-05, 3.047819916446315e-07, 1.7061171092791483e-05, 1.0017952263297047e-05, 0.4935263693332672, 2.1576921938049054e-07, 0.8972768187522888, 0.009419474750757217, 5.480929758050479e-05, 2.3433659457339218e-09, 2.782152250802028e-07, 2.9521765100071207e-05, 2.9843261017958866e-06, 0.6393147706985474, 0.008746574632823467, 0.9049129486083984, 0.7691114544868469, 2.0055610150393477e-07, 1.7977764628085424e-06, 2.803337340040457e-09, 5.0401080642359375e-08, 0.00023567899188492447, 0.000390280649298802, 0.9019147157669067], "bboxes_3d": [[66.24988555908203, -26.684114456176758, -0.9955224990844727, 3.709327220916748, 1.5979658365249634, 1.6108877658843994, 2.7097244262695312], [52.845130920410156, -21.605024337768555, -1.180755853652954, 3.698458194732666, 1.5341718196868896, 1.4444472789764404, 3.103611946105957], [28.78826904296875, -1.371963381767273, -0.9369704723358154, 4.014934062957764, 1.5662782192230225, 1.4018865823745728, 1.285374641418457], [69.47054290771484, -12.0371732711792, 0.9192233085632324, 3.8191123008728027, 1.5338284969329834, 1.9445009231567383, -0.44460630416870117], [59.04433822631836, -24.895837783813477, -0.6774898171424866, 3.63531494140625, 1.5069221258163452, 1.5088714361190796, 2.630004405975342], [60.01435470581055, -16.27298355102539, -1.4829750061035156, 3.734251022338867, 1.5717443227767944, 1.4634732007980347, 2.5955910682678223], [55.087772369384766, -23.237751007080078, -0.8269232511520386, 4.431540489196777, 1.909651756286621, 2.3851819038391113, -3.092744827270508], [6.445916175842285, -3.836127519607544, -1.7540907859802246, 2.9817676544189453, 1.447776436805725, 1.459943413734436, -0.28554487228393555], [28.89093589782715, -5.242025852203369, -1.4404799938201904, 3.4974632263183594, 1.4710357189178467, 1.4629085063934326, -1.559218406677246], [31.389970779418945, -2.9995291233062744, -1.1263275146484375, 3.74729323387146, 1.5330877304077148, 1.4166221618652344, -0.4400053024291992], [51.57901382446289, -18.09206771850586, -1.4266788959503174, 4.315794944763184, 1.5564152002334595, 1.8161914348602295, 3.100670099258423], [7.8423686027526855, -7.960556983947754, -1.7654889822006226, 3.6109066009521484, 1.5548169612884521, 1.5681841373443604, -0.36699390411376953], [46.715213775634766, -16.067432403564453, -2.1470630168914795, 4.029076099395752, 1.604036569595337, 1.5900721549987793, -1.476938247680664], [63.1378288269043, -9.523704528808594, 0.7910498380661011, 4.3152618408203125, 1.686945915222168, 2.0687942504882812, 2.5953257083892822], [33.543128967285156, -7.109218597412109, -1.24980890750885, 4.030484199523926, 1.691586971282959, 1.6147726774215698, 2.8358914852142334], [24.883764266967773, -3.4165966510772705, -1.5273756980895996, 3.6329610347747803, 1.4974091053009033, 1.5966264009475708, -0.5594143867492676], [34.55231475830078, -16.54604148864746, -1.4034615755081177, 3.927190065383911, 1.5907889604568481, 1.5456207990646362, -0.4529237747192383], [20.522932052612305, 0.6392379403114319, -1.4378057718276978, 3.7875006198883057, 1.569290280342102, 1.513357400894165, 2.707514762878418], [35.75790786743164, -1.5837805271148682, -0.27600419521331787, 3.908155679702759, 1.4677013158798218, 1.7479608058929443, 0.6582533717155457], [55.31084060668945, -20.25583267211914, -1.3732432126998901, 4.07390022277832, 1.646606206893921, 1.5502829551696777, 2.7438879013061523], [53.31377029418945, -15.217252731323242, -1.2643744945526123, 4.12310791015625, 1.662971019744873, 1.8846461772918701, 1.4571841955184937], [38.75728225708008, -6.675755023956299, -1.2162256240844727, 3.628814935684204, 1.3977333307266235, 1.7564501762390137, 3.105574607849121], [20.982406616210938, -5.966024398803711, -1.5687497854232788, 3.4652278423309326, 1.4065823554992676, 1.4231325387954712, -1.5927629470825195], [19.485280990600586, -4.730762004852295, -1.4780274629592896, 3.5745270252227783, 1.539987564086914, 1.520293951034546, -1.5537309646606445], [40.97190475463867, -9.876047134399414, -1.3368399143218994, 3.7998738288879395, 1.6158416271209717, 1.550414800643921, -0.38796472549438477], [18.006690979003906, 6.515018463134766, -0.8611947298049927, 3.5295684337615967, 1.4237254858016968, 1.7824316024780273, 1.1248623132705688], [20.336740493774414, -8.551375389099121, -1.7342331409454346, 2.893831729888916, 1.5558195114135742, 1.570377230644226, -0.3218550682067871], [45.99629211425781, -6.865338325500488, -1.1098928451538086, 3.9708638191223145, 1.6813992261886597, 1.7417775392532349, -0.3807687759399414], [43.551422119140625, -15.485620498657227, -1.5277278423309326, 4.04606294631958, 1.5788333415985107, 1.6333359479904175, -0.46604013442993164], [43.89328384399414, -4.436412811279297, -0.3523417115211487, 3.844815492630005, 1.4871420860290527, 1.7066701650619507, -2.095905303955078], [11.633748054504395, 7.634987831115723, -0.926182210445404, 3.491290807723999, 1.3835904598236084, 1.599916696548462, 1.4972052574157715], [36.68758773803711, -10.163875579833984, -1.3123196363449097, 3.514763355255127, 1.4827144145965576, 1.4329352378845215, -1.5383801460266113], [31.57864761352539, -13.751139640808105, -1.448317289352417, 3.8077192306518555, 1.547502040863037, 1.643195629119873, 0.5565900206565857], [25.17180824279785, -9.996853828430176, -1.74750816822052, 3.7146129608154297, 1.616150140762329, 1.493302583694458, -0.08180370926856995], [55.501869201660156, -9.663636207580566, -1.205504298210144, 4.362739562988281, 1.8394403457641602, 1.9981769323349, 0.07674779742956161], [14.68134880065918, -1.093529224395752, -1.4965416193008423, 3.611414909362793, 1.581820011138916, 1.4837162494659424, -0.31061410903930664], [3.772050142288208, 2.615027904510498, -1.5920135974884033, 3.7601778507232666, 1.565719723701477, 1.507112979888916, -0.2591114342212677], [39.95836639404297, -2.7425761222839355, -0.17998701333999634, 4.070712566375732, 1.677366018295288, 1.9037951231002808, 2.709573984146118], [16.703001022338867, 9.730875968933105, -0.789559006690979, 3.6617822647094727, 1.384859561920166, 1.6773428916931152, 1.172717571258545], [13.740686416625977, 4.442099571228027, -1.0805208683013916, 3.5701937675476074, 1.317509412765503, 1.8791468143463135, 2.5825955867767334], [15.459436416625977, -10.677936553955078, -1.1845042705535889, 4.239781379699707, 1.400172233581543, 1.9117205142974854, -1.1361379623413086], [40.454986572265625, -18.381561279296875, -0.6939279437065125, 3.896857261657715, 1.6638811826705933, 1.788450002670288, 3.0637314319610596], [8.232616424560547, 4.88630485534668, -1.4652125835418701, 3.7911605834960938, 1.4988240003585815, 1.5131138563156128, 2.7204463481903076], [8.138900756835938, 1.2022953033447266, -1.6217362880706787, 3.819760799407959, 1.5469200611114502, 1.57248854637146, 2.8303394317626953]], "box_type_3d": "LiDAR"}